Frequency f (Hz), Voltage Amplitude V_amp (V)
1000.000000,0.666902
2000.000000,0.666993
3000.000000,0.675515
4000.000000,0.674289
5000.000000,0.672871
6000.000000,0.671289
7000.000000,0.666625
8000.000000,0.673968
9000.000000,0.665722
10000.000000,0.672444
